<?xml version="1.0" encoding="UTF-8"?>
<!DOCTYPE hibernate-configuration PUBLIC
	"-//Hibernate/Hibernate Configuration DTD 3.0//EN"
	"http://www.hibernate.org/dtd/hibernate-configuration-3.0.dtd">
	
<hibernate-configuration>

<session-factory>
<property name="connection.driver_class">com.mysql.cj.jdbc.Driver</property>	
<property name="connection.url">jdbc:mysql://localhost:3306/studentmanagement</property>
<property name="connection.username">root</property>
<property name="connection.password">mysql</property>
<property name="dialect">org.hibernate.dialect.MySQL8Dialect</property>
<property name="hbm2ddl.auto">update</property>

  <!--<property name="show_sql">true</property>
<property name="format_sql">true</property> -->

<!--  <mapping class="com.student.association.Employee"/>	
<mapping class="com.student.association.Address"/>-->

<mapping class="com.student.association.Question"/>	
<mapping class="com.student.association.Answer"/>


</session-factory>	

</hibernate-configuration>